{
  "color": 10082431,
  "emitterPositions": {
    "0": {
      "x": -0.02500000037252903,
      "y": -0.15000000596046448,
      "z": 0.029999999329447746
    }
  },
  "length": 1.2,
  "radius": 1.0,
  "stable": true
}