{
  "color": 6029183,
  "emitterPositions": {
    "0": {
      "x": 0.019999999552965164,
      "y": -0.02500000037252903,
      "z": 0.13500000536441803
    }
  },
  "length": 1.6,
  "radius": 1.0,
  "stable": true
}