{
  "color": 13434751,
  "emitterPositions": {
    "0": {
      "x": 0.04500000178813934,
      "y": 0.0,
      "z": -0.03999999910593033
    }
  },
  "length": 1.4,
  "radius": 1.0,
  "stable": true
}